regon;nazwa;pkd_glowne;pkdn7
36085929000000;FIRMA HANDLOWO USŁUGOWA BUBUK JAKUB WYSZYŃSKI        ;4711Z;4711Z
36085929000000;FIRMA HANDLOWO USŁUGOWA BUBUK JAKUB WYSZYŃSKI        ;4711Z;4721Z
36085929000000;FIRMA HANDLOWO USŁUGOWA BUBUK JAKUB WYSZYŃSKI        ;4711Z;4722Z
36085929000000;FIRMA HANDLOWO USŁUGOWA BUBUK JAKUB WYSZYŃSKI        ;4711Z;4723Z
36085929000000;FIRMA HANDLOWO USŁUGOWA BUBUK JAKUB WYSZYŃSKI        ;4711Z;4724Z
36085929000000;FIRMA HANDLOWO USŁUGOWA BUBUK JAKUB WYSZYŃSKI        ;4711Z;4725Z
36085929000000;FIRMA HANDLOWO USŁUGOWA BUBUK JAKUB WYSZYŃSKI        ;4711Z;9002Z
36085929000000;FIRMA HANDLOWO USŁUGOWA BUBUK JAKUB WYSZYŃSKI        ;4711Z;4726Z
36085929000000;FIRMA HANDLOWO USŁUGOWA BUBUK JAKUB WYSZYŃSKI        ;4711Z;4729Z
36085929000000;FIRMA HANDLOWO USŁUGOWA BUBUK JAKUB WYSZYŃSKI        ;4711Z;4775Z
36085929000000;FIRMA HANDLOWO USŁUGOWA BUBUK JAKUB WYSZYŃSKI        ;4711Z;4932Z
36085929000000;FIRMA HANDLOWO USŁUGOWA BUBUK JAKUB WYSZYŃSKI        ;4711Z;5610A
36085929000000;FIRMA HANDLOWO USŁUGOWA BUBUK JAKUB WYSZYŃSKI        ;4711Z;9001Z
36085963400000;SAL Lioara Szkudlarek                                ;4782Z;4719Z
36085963400000;SAL Lioara Szkudlarek                                ;4782Z;4771Z
36085963400000;SAL Lioara Szkudlarek                                ;4782Z;4782Z
36085963400000;SAL Lioara Szkudlarek                                ;4782Z;4791Z
36085963400000;SAL Lioara Szkudlarek                                ;4782Z;5320Z
36085969200000;AMS POLSKA AGNIESZKA WASYNA                          ;4719Z;3320Z
36085969200000;AMS POLSKA AGNIESZKA WASYNA                          ;4719Z;4799Z
36085969200000;AMS POLSKA AGNIESZKA WASYNA                          ;4719Z;4941Z
36085969200000;AMS POLSKA AGNIESZKA WASYNA                          ;4719Z;4399Z
36085969200000;AMS POLSKA AGNIESZKA WASYNA                          ;4719Z;4531Z
36085969200000;AMS POLSKA AGNIESZKA WASYNA                          ;4719Z;4532Z
36085969200000;AMS POLSKA AGNIESZKA WASYNA                          ;4719Z;4642Z
36085969200000;AMS POLSKA AGNIESZKA WASYNA                          ;4719Z;4719Z
36085969200000;AMS POLSKA AGNIESZKA WASYNA                          ;4719Z;4791Z
36085969200000;AMS POLSKA AGNIESZKA WASYNA                          ;4719Z;4331Z
36085969200000;AMS POLSKA AGNIESZKA WASYNA                          ;4719Z;4332Z
36085969200000;AMS POLSKA AGNIESZKA WASYNA                          ;4719Z;4333Z
36085969200000;AMS POLSKA AGNIESZKA WASYNA                          ;4719Z;4334Z
36085969200000;AMS POLSKA AGNIESZKA WASYNA                          ;4719Z;4339Z
36085969200000;AMS POLSKA AGNIESZKA WASYNA                          ;4719Z;4391Z
36085969200000;AMS POLSKA AGNIESZKA WASYNA                          ;4719Z;4311Z
36085969200000;AMS POLSKA AGNIESZKA WASYNA                          ;4719Z;4312Z
36085969200000;AMS POLSKA AGNIESZKA WASYNA                          ;4719Z;4313Z
36085969200000;AMS POLSKA AGNIESZKA WASYNA                          ;4719Z;4321Z
36085969200000;AMS POLSKA AGNIESZKA WASYNA                          ;4719Z;4322Z
36085969200000;AMS POLSKA AGNIESZKA WASYNA                          ;4719Z;4329Z
36085969200000;AMS POLSKA AGNIESZKA WASYNA                          ;4719Z;4110Z
36085969200000;AMS POLSKA AGNIESZKA WASYNA                          ;4719Z;4120Z
36085969200000;AMS POLSKA AGNIESZKA WASYNA                          ;4719Z;4211Z
36085969200000;AMS POLSKA AGNIESZKA WASYNA                          ;4719Z;4212Z
36085969200000;AMS POLSKA AGNIESZKA WASYNA                          ;4719Z;4213Z
36085969200000;AMS POLSKA AGNIESZKA WASYNA                          ;4719Z;4221Z
36085969200000;AMS POLSKA AGNIESZKA WASYNA                          ;4719Z;3312Z
36085969200000;AMS POLSKA AGNIESZKA WASYNA                          ;4719Z;3313Z
36085969200000;AMS POLSKA AGNIESZKA WASYNA                          ;4719Z;3314Z
36085969200000;AMS POLSKA AGNIESZKA WASYNA                          ;4719Z;3317Z
36085969200000;AMS POLSKA AGNIESZKA WASYNA                          ;4719Z;3319Z
36086077800000;TOMCAR SERWIS - TCS Andrzej Zachariasz               ;4520Z;4799Z
36086077800000;TOMCAR SERWIS - TCS Andrzej Zachariasz               ;4520Z;7120B
36086077800000;TOMCAR SERWIS - TCS Andrzej Zachariasz               ;4520Z;3102Z
36086077800000;TOMCAR SERWIS - TCS Andrzej Zachariasz               ;4520Z;3109Z
36086077800000;TOMCAR SERWIS - TCS Andrzej Zachariasz               ;4520Z;4511Z
36086077800000;TOMCAR SERWIS - TCS Andrzej Zachariasz               ;4520Z;4519Z
36086077800000;TOMCAR SERWIS - TCS Andrzej Zachariasz               ;4520Z;4520Z
36086077800000;TOMCAR SERWIS - TCS Andrzej Zachariasz               ;4520Z;4532Z
36086077800000;TOMCAR SERWIS - TCS Andrzej Zachariasz               ;4520Z;2211Z
36086077800000;TOMCAR SERWIS - TCS Andrzej Zachariasz               ;4520Z;2511Z
36086077800000;TOMCAR SERWIS - TCS Andrzej Zachariasz               ;4520Z;2512Z
36086077800000;TOMCAR SERWIS - TCS Andrzej Zachariasz               ;4520Z;2594Z
36086077800000;TOMCAR SERWIS - TCS Andrzej Zachariasz               ;4520Z;2599Z
36086077800000;TOMCAR SERWIS - TCS Andrzej Zachariasz               ;4520Z;3101Z
36086077800000;TOMCAR SERWIS - TCS Andrzej Zachariasz               ;4520Z;4540Z
36086077800000;TOMCAR SERWIS - TCS Andrzej Zachariasz               ;4520Z;4791Z
36086356400000;HANDEL OKRĘŻNY KRYSTYNA KOWALIK                      ;4782Z;4771Z
36086356400000;HANDEL OKRĘŻNY KRYSTYNA KOWALIK                      ;4782Z;4772Z
36086356400000;HANDEL OKRĘŻNY KRYSTYNA KOWALIK                      ;4782Z;4777Z
36086356400000;HANDEL OKRĘŻNY KRYSTYNA KOWALIK                      ;4782Z;4779Z
36086356400000;HANDEL OKRĘŻNY KRYSTYNA KOWALIK                      ;4782Z;4782Z
36086356400000;HANDEL OKRĘŻNY KRYSTYNA KOWALIK                      ;4782Z;4791Z
36086356400000;HANDEL OKRĘŻNY KRYSTYNA KOWALIK                      ;4782Z;5221Z
36086356400000;HANDEL OKRĘŻNY KRYSTYNA KOWALIK                      ;4782Z;5223Z
36086356400000;HANDEL OKRĘŻNY KRYSTYNA KOWALIK                      ;4782Z;5610A
36086679800000;CAR-GUM Andrzej Jakimowicz                           ;4520Z;4520Z
36086679800000;CAR-GUM Andrzej Jakimowicz                           ;4520Z;4531Z
36086679800000;CAR-GUM Andrzej Jakimowicz                           ;4520Z;4532Z
36086721400000;EFEKT Aram Ghalamkaryan                              ;4782Z;4641Z
36086721400000;EFEKT Aram Ghalamkaryan                              ;4782Z;4642Z
36086721400000;EFEKT Aram Ghalamkaryan                              ;4782Z;4782Z
36086721400000;EFEKT Aram Ghalamkaryan                              ;4782Z;4789Z
36086829000000;AUTO SERWIS PIOTR KOPER                              ;4520Z;4520Z
36087287600000;Paweł Ślusarczyk                                     ;4799Z;5610B
36087287600000;Paweł Ślusarczyk                                     ;4799Z;1039Z
36087287600000;Paweł Ślusarczyk                                     ;4799Z;1089Z
36087287600000;Paweł Ślusarczyk                                     ;4799Z;4799Z
36903216100000;Paweł Ślusarczyk                                     ;4799Z;4932Z
36295819700000;Paweł Ślusarczyk                                     ;4799Z;4511Z
36295819700000;Paweł Ślusarczyk                                     ;4799Z;4519Z
36295819700000;Paweł Ślusarczyk                                     ;4799Z;4520Z
36295819700000;Paweł Ślusarczyk                                     ;4799Z;4531Z
36295819700000;Paweł Ślusarczyk                                     ;4799Z;4532Z
38417400100000;Paweł Ślusarczyk                                     ;4799Z;4711Z
38417400100000;Paweł Ślusarczyk                                     ;4799Z;4719Z
38417400100000;Paweł Ślusarczyk                                     ;4799Z;4721Z
38417400100000;Paweł Ślusarczyk                                     ;4799Z;4722Z
38417400100000;Paweł Ślusarczyk                                     ;4799Z;4724Z
38417400100000;Paweł Ślusarczyk                                     ;4799Z;4725Z
38417400100000;Paweł Ślusarczyk                                     ;4799Z;4729Z
12290445400000;Paweł Ślusarczyk                                     ;4799Z;4399Z
12290445400000;Paweł Ślusarczyk                                     ;4799Z;4333Z
12290445400000;Paweł Ślusarczyk                                     ;4799Z;4334Z
12290445400000;Paweł Ślusarczyk                                     ;4799Z;4331Z
12290445400000;Paweł Ślusarczyk                                     ;4799Z;4391Z
12290445400000;Paweł Ślusarczyk                                     ;4799Z;4339Z
38405736000000;Paweł Ślusarczyk                                     ;4799Z;6311Z
38405736000000;Paweł Ślusarczyk                                     ;4799Z;6312Z
38647152000000;Paweł Ślusarczyk                                     ;4799Z;4941Z
38647152000000;Paweł Ślusarczyk                                     ;4799Z;7311Z
52362478000000;Paweł Ślusarczyk                                     ;4799Z;4334Z
52362478000000;Paweł Ślusarczyk                                     ;4799Z;4339Z
52362478000000;Paweł Ślusarczyk                                     ;4799Z;4941Z
27260482700000;Paweł Ślusarczyk                                     ;4799Z;2561Z
27260482700000;Paweł Ślusarczyk                                     ;4799Z;4690Z
27260482700000;Paweł Ślusarczyk                                     ;4799Z;4399Z
27260482700000;Paweł Ślusarczyk                                     ;4799Z;4799Z
27260482700000;Paweł Ślusarczyk                                     ;4799Z;2562Z
27260482700000;Paweł Ślusarczyk                                     ;4799Z;4332Z
27260482700000;Paweł Ślusarczyk                                     ;4799Z;2512Z
2139856100000;Paweł Ślusarczyk                                     ;4799Z;8219Z
2139856100000;Paweł Ślusarczyk                                     ;4799Z;8299Z
2139856100000;Paweł Ślusarczyk                                     ;4799Z;9524Z
2139856100000;Paweł Ślusarczyk                                     ;4799Z;6622Z
2139856100000;Paweł Ślusarczyk                                     ;4799Z;6810Z
2139856100000;Paweł Ślusarczyk                                     ;4799Z;6820Z
2139856100000;Paweł Ślusarczyk                                     ;4799Z;7711Z
2139856100000;Paweł Ślusarczyk                                     ;4799Z;7712Z
2139856100000;Paweł Ślusarczyk                                     ;4799Z;8211Z
2139856100000;Paweł Ślusarczyk                                     ;4799Z;4675Z
2139856100000;Paweł Ślusarczyk                                     ;4799Z;4752Z
2139856100000;Paweł Ślusarczyk                                     ;4799Z;4941Z
2139856100000;Paweł Ślusarczyk                                     ;4799Z;5221Z
38389808500000;Paweł Ślusarczyk                                     ;4799Z;4312Z
52362478000000;Paweł Ślusarczyk                                     ;4799Z;4329Z
52362478000000;Paweł Ślusarczyk                                     ;4799Z;4331Z
52362478000000;Paweł Ślusarczyk                                     ;4799Z;4333Z
2139856100000;Paweł Ślusarczyk                                     ;4799Z;6311Z
2139856100000;Paweł Ślusarczyk                                     ;4799Z;6399Z
2139856100000;Paweł Ślusarczyk                                     ;4799Z;4531Z
2139856100000;Paweł Ślusarczyk                                     ;4799Z;4532Z
2139856100000;Paweł Ślusarczyk                                     ;4799Z;4540Z
2139856100000;Paweł Ślusarczyk                                     ;4799Z;4613Z
2139856100000;Paweł Ślusarczyk                                     ;4799Z;4652Z
2139856100000;Paweł Ślusarczyk                                     ;4799Z;4673Z
2139856100000;Paweł Ślusarczyk                                     ;4799Z;4332Z
2139856100000;Paweł Ślusarczyk                                     ;4799Z;4339Z
2139856100000;Paweł Ślusarczyk                                     ;4799Z;4391Z
2139856100000;Paweł Ślusarczyk                                     ;4799Z;4511Z
2139856100000;Paweł Ślusarczyk                                     ;4799Z;4519Z
2139856100000;Paweł Ślusarczyk                                     ;4799Z;4520Z
2139856100000;Paweł Ślusarczyk                                     ;4799Z;1622Z
2139856100000;Paweł Ślusarczyk                                     ;4799Z;1623Z
2139856100000;Paweł Ślusarczyk                                     ;4799Z;1624Z
2139856100000;Paweł Ślusarczyk                                     ;4799Z;1629Z
2139856100000;Paweł Ślusarczyk                                     ;4799Z;3299Z
2139856100000;Paweł Ślusarczyk                                     ;4799Z;3317Z
2139856100000;Paweł Ślusarczyk                                     ;4799Z;0220Z
2139856100000;Paweł Ślusarczyk                                     ;4799Z;1610Z
2139856100000;Paweł Ślusarczyk                                     ;4799Z;1621Z
36087407100000;For You Milena Paradowska                            ;4791Z;4791Z
36087543200000;HANDEL OBWOŹNY ŁUKASZ WŁOTKOWSKI                     ;4782Z;4782Z
36087543200000;HANDEL OBWOŹNY ŁUKASZ WŁOTKOWSKI                     ;4782Z;4781Z
36087543200000;HANDEL OBWOŹNY ŁUKASZ WŁOTKOWSKI                     ;4782Z;4789Z
36087543200000;HANDEL OBWOŹNY ŁUKASZ WŁOTKOWSKI                     ;4782Z;4799Z
36087559600000;Handel Obwoźny Anna Tokarska                         ;4782Z;4781Z
36087559600000;Handel Obwoźny Anna Tokarska                         ;4782Z;4782Z
36087559600000;Handel Obwoźny Anna Tokarska                         ;4782Z;4799Z
36087613000000;BOTI IACOB                                           ;4782Z;4782Z
36087613000000;BOTI IACOB                                           ;4782Z;4789Z
36087645000000;Sklep ogólnospożywczy Szczepan Olczak                ;4711Z;4711Z
36087645000000;Sklep ogólnospożywczy Szczepan Olczak                ;4711Z;4331Z
36087645000000;Sklep ogólnospożywczy Szczepan Olczak                ;4711Z;4333Z
36087645000000;Sklep ogólnospożywczy Szczepan Olczak                ;4711Z;4724Z
36087645000000;Sklep ogólnospożywczy Szczepan Olczak                ;4711Z;4942Z
36087645000000;Sklep ogólnospożywczy Szczepan Olczak                ;4711Z;5610A
36087844200000;PRZEDSIĘBIORSTWO USŁUGOWO-HANDLOWE KMK MONIKA KOTOWSKA                                                                  ;4719Z;4719Z
36087844200000;PRZEDSIĘBIORSTWO USŁUGOWO-HANDLOWE KMK MONIKA KOTOWSKA                                                                  ;4719Z;9602Z
36087844200000;PRZEDSIĘBIORSTWO USŁUGOWO-HANDLOWE KMK MONIKA KOTOWSKA                                                                  ;4719Z;9609Z
36087857700000;TERMO-SERWIS A.ROSIAK; T.ROSIAK S.C.                 ;9313Z
36087857700000;TERMO-SERWIS A.ROSIAK; T.ROSIAK S.C.                 ;4120Z
36087857700000;TERMO-SERWIS A.ROSIAK; T.ROSIAK S.C.                 ;4321Z
36087857700000;TERMO-SERWIS A.ROSIAK; T.ROSIAK S.C.                 ;4322Z
36087857700000;TERMO-SERWIS A.ROSIAK; T.ROSIAK S.C.                 ;4329Z
36087857700000;TERMO-SERWIS A.ROSIAK; T.ROSIAK S.C.                 ;4339Z
36087857700000;TERMO-SERWIS A.ROSIAK; T.ROSIAK S.C.                 ;4799Z
36087857700000;TERMO-SERWIS A.ROSIAK; T.ROSIAK S.C.                 ;6499Z
36087857700000;TERMO-SERWIS A.ROSIAK; T.ROSIAK S.C.                 ;6820Z
36087857700000;TERMO-SERWIS A.ROSIAK; T.ROSIAK S.C.                 ;8211Z
36087857700000;TERMO-SERWIS A.ROSIAK; T.ROSIAK S.C.                 ;4673Z
36087857700000;TERMO-SERWIS A.ROSIAK; T.ROSIAK S.C.                 ;4690Z
36087857700000;TERMO-SERWIS A.ROSIAK; T.ROSIAK S.C.                 ;4719Z
36087857700000;TERMO-SERWIS A.ROSIAK; T.ROSIAK S.C.                 ;4778Z
36087857700000;TERMO-SERWIS A.ROSIAK; T.ROSIAK S.C.                 ;4791Z
36087857700000;TERMO-SERWIS A.ROSIAK; T.ROSIAK S.C.                 ;4674Z
36087868900000;DOMINIKA GALACKA                                     ;4791Z;4799Z
36087868900000;DOMINIKA GALACKA                                     ;4791Z;4791Z
36087954200000;SOFTBUY SPÓŁKA Z OGRANICZONĄ ODPOWIEDZIALNOŚCIĄ      ;4791Z;1820Z
36087954200000;SOFTBUY SPÓŁKA Z OGRANICZONĄ ODPOWIEDZIALNOŚCIĄ      ;4791Z;4651Z
36087954200000;SOFTBUY SPÓŁKA Z OGRANICZONĄ ODPOWIEDZIALNOŚCIĄ      ;4791Z;4719Z
36087954200000;SOFTBUY SPÓŁKA Z OGRANICZONĄ ODPOWIEDZIALNOŚCIĄ      ;4791Z;4741Z
36087954200000;SOFTBUY SPÓŁKA Z OGRANICZONĄ ODPOWIEDZIALNOŚCIĄ      ;4791Z;4791Z
36087954200000;SOFTBUY SPÓŁKA Z OGRANICZONĄ ODPOWIEDZIALNOŚCIĄ      ;4791Z;4799Z
36087954200000;SOFTBUY SPÓŁKA Z OGRANICZONĄ ODPOWIEDZIALNOŚCIĄ      ;4791Z;6201Z
36087954200000;SOFTBUY SPÓŁKA Z OGRANICZONĄ ODPOWIEDZIALNOŚCIĄ      ;4791Z;6202Z
36087954200000;SOFTBUY SPÓŁKA Z OGRANICZONĄ ODPOWIEDZIALNOŚCIĄ      ;4791Z;6209Z
36087954200000;SOFTBUY SPÓŁKA Z OGRANICZONĄ ODPOWIEDZIALNOŚCIĄ      ;4791Z;6312Z
36087954200000;SOFTBUY SPÓŁKA Z OGRANICZONĄ ODPOWIEDZIALNOŚCIĄ      ;4791Z;6399Z
36087954200000;SOFTBUY SPÓŁKA Z OGRANICZONĄ ODPOWIEDZIALNOŚCIĄ      ;4791Z;9609Z
36088438800000;MILITECH CORPORATION SPÓŁKA Z OGRANICZONĄ ODPOWIEDZIALNOŚCIĄ                                                            ;4791Z;4791Z
52417783300000;Sebastian Wójtowicz                                  ;4520Z;4312Z
38697723000000;Sebastian Wójtowicz                                  ;4520Z;1610Z
36088519800000;Sebastian Wójtowicz                                  ;4520Z;7490Z
36088519800000;Sebastian Wójtowicz                                  ;4520Z;9511Z
36088519800000;Sebastian Wójtowicz                                  ;4520Z;4532Z
36088519800000;Sebastian Wójtowicz                                  ;4520Z;4789Z
36088519800000;Sebastian Wójtowicz                                  ;4520Z;4791Z
36088519800000;Sebastian Wójtowicz                                  ;4520Z;6209Z
36088519800000;Sebastian Wójtowicz                                  ;4520Z;6621Z
36088519800000;Sebastian Wójtowicz                                  ;4520Z;7120B
36088519800000;Sebastian Wójtowicz                                  ;4520Z;3311Z
36088519800000;Sebastian Wójtowicz                                  ;4520Z;4520Z
52398316000000;Sebastian Wójtowicz                                  ;4520Z;4520Z
36087543200000;HANDEL OBWOŹNY ŁUKASZ WŁOTKOWSKI                     ;4782Z;4782Z
36087543200000;HANDEL OBWOŹNY ŁUKASZ WŁOTKOWSKI                     ;4782Z;4781Z
36087543200000;HANDEL OBWOŹNY ŁUKASZ WŁOTKOWSKI                     ;4782Z;4789Z
36087543200000;HANDEL OBWOŹNY ŁUKASZ WŁOTKOWSKI                     ;4782Z;4799Z
36087559600000;Handel Obwoźny Anna Tokarska                         ;4782Z;4781Z
36087559600000;Handel Obwoźny Anna Tokarska                         ;4782Z;4782Z
36087559600000;Handel Obwoźny Anna Tokarska                         ;4782Z;4799Z
36087613000000;BOTI IACOB                                           ;4782Z;4782Z
36087613000000;BOTI IACOB                                           ;4782Z;4789Z
36087645000000;Sklep ogólnospożywczy Szczepan Olczak                ;4711Z;4711Z
36087645000000;Sklep ogólnospożywczy Szczepan Olczak                ;4711Z;4331Z
36087645000000;Sklep ogólnospożywczy Szczepan Olczak                ;4711Z;4333Z
36087645000000;Sklep ogólnospożywczy Szczepan Olczak                ;4711Z;4724Z
36087645000000;Sklep ogólnospożywczy Szczepan Olczak                ;4711Z;4942Z
36087645000000;Sklep ogólnospożywczy Szczepan Olczak                ;4711Z;5610A
36087844200000;PRZEDSIĘBIORSTWO USŁUGOWO-HANDLOWE KMK MONIKA KOTOWSKA                                                                  ;4719Z;4719Z
36087844200000;PRZEDSIĘBIORSTWO USŁUGOWO-HANDLOWE KMK MONIKA KOTOWSKA                                                                  ;4719Z;9602Z
36087844200000;PRZEDSIĘBIORSTWO USŁUGOWO-HANDLOWE KMK MONIKA KOTOWSKA                                                                  ;4719Z;9609Z
36087857700000;TERMO-SERWIS A.ROSIAK; T.ROSIAK S.C.                 ;9313Z
36087857700000;TERMO-SERWIS A.ROSIAK; T.ROSIAK S.C.                 ;4120Z
36087857700000;TERMO-SERWIS A.ROSIAK; T.ROSIAK S.C.                 ;4321Z
36087857700000;TERMO-SERWIS A.ROSIAK; T.ROSIAK S.C.                 ;4322Z
36087857700000;TERMO-SERWIS A.ROSIAK; T.ROSIAK S.C.                 ;4329Z
36087857700000;TERMO-SERWIS A.ROSIAK; T.ROSIAK S.C.                 ;4339Z
36087857700000;TERMO-SERWIS A.ROSIAK; T.ROSIAK S.C.                 ;4799Z
36087857700000;TERMO-SERWIS A.ROSIAK; T.ROSIAK S.C.                 ;6499Z
36087857700000;TERMO-SERWIS A.ROSIAK; T.ROSIAK S.C.                 ;6820Z
36087857700000;TERMO-SERWIS A.ROSIAK; T.ROSIAK S.C.                 ;8211Z
36087857700000;TERMO-SERWIS A.ROSIAK; T.ROSIAK S.C.                 ;4673Z
36087857700000;TERMO-SERWIS A.ROSIAK; T.ROSIAK S.C.                 ;4690Z
36087857700000;TERMO-SERWIS A.ROSIAK; T.ROSIAK S.C.                 ;4719Z
36087857700000;TERMO-SERWIS A.ROSIAK; T.ROSIAK S.C.                 ;4778Z
36087857700000;TERMO-SERWIS A.ROSIAK; T.ROSIAK S.C.                 ;4791Z
36087857700000;TERMO-SERWIS A.ROSIAK; T.ROSIAK S.C.                 ;4674Z
36087868900000;DOMINIKA GALACKA                                     ;4791Z;4799Z
36087868900000;DOMINIKA GALACKA                                     ;4791Z;4791Z
36087954200000;SOFTBUY SPÓŁKA Z OGRANICZONĄ ODPOWIEDZIALNOŚCIĄ      ;4791Z;1820Z
36087954200000;SOFTBUY SPÓŁKA Z OGRANICZONĄ ODPOWIEDZIALNOŚCIĄ      ;4791Z;4651Z
36087954200000;SOFTBUY SPÓŁKA Z OGRANICZONĄ ODPOWIEDZIALNOŚCIĄ      ;4791Z;4719Z
36087954200000;SOFTBUY SPÓŁKA Z OGRANICZONĄ ODPOWIEDZIALNOŚCIĄ      ;4791Z;4741Z
36087954200000;SOFTBUY SPÓŁKA Z OGRANICZONĄ ODPOWIEDZIALNOŚCIĄ      ;4791Z;4791Z
36087954200000;SOFTBUY SPÓŁKA Z OGRANICZONĄ ODPOWIEDZIALNOŚCIĄ      ;4791Z;4799Z
36087954200000;SOFTBUY SPÓŁKA Z OGRANICZONĄ ODPOWIEDZIALNOŚCIĄ      ;4791Z;6201Z
36087954200000;SOFTBUY SPÓŁKA Z OGRANICZONĄ ODPOWIEDZIALNOŚCIĄ      ;4791Z;6202Z
36087954200000;SOFTBUY SPÓŁKA Z OGRANICZONĄ ODPOWIEDZIALNOŚCIĄ      ;4791Z;6209Z
36087954200000;SOFTBUY SPÓŁKA Z OGRANICZONĄ ODPOWIEDZIALNOŚCIĄ      ;4791Z;6312Z
36087954200000;SOFTBUY SPÓŁKA Z OGRANICZONĄ ODPOWIEDZIALNOŚCIĄ      ;4791Z;6399Z
36087954200000;SOFTBUY SPÓŁKA Z OGRANICZONĄ ODPOWIEDZIALNOŚCIĄ      ;4791Z;9609Z
36088438800000;MILITECH CORPORATION SPÓŁKA Z OGRANICZONĄ ODPOWIEDZIALNOŚCIĄ                                                            ;4791Z;4791Z
52417783300000;Sebastian Wójtowicz                                  ;4520Z;4312Z
38697723000000;Sebastian Wójtowicz                                  ;4520Z;1610Z
36088519800000;Sebastian Wójtowicz                                  ;4520Z;7490Z
36088519800000;Sebastian Wójtowicz                                  ;4520Z;9511Z
36088519800000;Sebastian Wójtowicz                                  ;4520Z;4532Z
36088519800000;Sebastian Wójtowicz                                  ;4520Z;4789Z
36088519800000;Sebastian Wójtowicz                                  ;4520Z;4791Z
36088519800000;Sebastian Wójtowicz                                  ;4520Z;6209Z
36088519800000;Sebastian Wójtowicz                                  ;4520Z;6621Z
36088519800000;Sebastian Wójtowicz                                  ;4520Z;7120B
36088519800000;Sebastian Wójtowicz                                  ;4520Z;3311Z
36088519800000;Sebastian Wójtowicz                                  ;4520Z;4520Z
52398316000000;Sebastian Wójtowicz                                  ;4520Z;4520Z
36088581500000;ADAM SŁUPIK A.S.-MOTO                                ;4540Z;4511Z
36088581500000;ADAM SŁUPIK A.S.-MOTO                                ;4540Z;4519Z
36088581500000;ADAM SŁUPIK A.S.-MOTO                                ;4540Z;4540Z
36088581500000;ADAM SŁUPIK A.S.-MOTO                                ;4540Z;4782Z
38383540000000;Janusz Bąk                                           ;4781Z;4332Z
38383540000000;Janusz Bąk                                           ;4781Z;4333Z
38383540000000;Janusz Bąk                                           ;4781Z;4334Z
38383540000000;Janusz Bąk                                           ;4781Z;4339Z
38387144200000;Janusz Bąk                                           ;4781Z;4211Z
38387144200000;Janusz Bąk                                           ;4781Z;4331Z
38387144200000;Janusz Bąk                                           ;4781Z;4332Z
38387144200000;Janusz Bąk                                           ;4781Z;4333Z
38387144200000;Janusz Bąk                                           ;4781Z;4334Z
38387144200000;Janusz Bąk                                           ;4781Z;4339Z
7051860400000;Janusz Bąk                                           ;4781Z;4781Z
38215977600000;Janusz Bąk                                           ;4781Z;4941Z
36088653600000;Janusz Bąk                                           ;4781Z;4721Z
36088653600000;Janusz Bąk                                           ;4781Z;4781Z
36088653600000;Janusz Bąk                                           ;4781Z;4789Z
2020763600000;Janusz Bąk                                           ;4781Z;4789Z
2020763600000;Janusz Bąk                                           ;4781Z;4941Z
41123162600000;Janusz Bąk                                           ;4781Z;4391Z
41123162600000;Janusz Bąk                                           ;4781Z;4399Z
41123162600000;Janusz Bąk                                           ;4781Z;4635Z
41123162600000;Janusz Bąk                                           ;4781Z;4641Z
41123162600000;Janusz Bąk                                           ;4781Z;4642Z
41123162600000;Janusz Bąk                                           ;4781Z;4322Z
41123162600000;Janusz Bąk                                           ;4781Z;4329Z
41123162600000;Janusz Bąk                                           ;4781Z;4331Z
41123162600000;Janusz Bąk                                           ;4781Z;4332Z
41123162600000;Janusz Bąk                                           ;4781Z;4333Z
41123162600000;Janusz Bąk                                           ;4781Z;4334Z
41123162600000;Janusz Bąk                                           ;4781Z;9511Z
41123162600000;Janusz Bąk                                           ;4781Z;4110Z
41123162600000;Janusz Bąk                                           ;4781Z;4120Z
41123162600000;Janusz Bąk                                           ;4781Z;4222Z
41123162600000;Janusz Bąk                                           ;4781Z;4311Z
41123162600000;Janusz Bąk                                           ;4781Z;4312Z
41123162600000;Janusz Bąk                                           ;4781Z;4321Z
41123162600000;Janusz Bąk                                           ;4781Z;1419Z
41123162600000;Janusz Bąk                                           ;4781Z;3299Z
41123162600000;Janusz Bąk                                           ;4781Z;3312Z
41123162600000;Janusz Bąk                                           ;4781Z;3313Z
41123162600000;Janusz Bąk                                           ;4781Z;3314Z
41123162600000;Janusz Bąk                                           ;4781Z;3320Z
41123162600000;Janusz Bąk                                           ;4781Z;8220Z
41123162600000;Janusz Bąk                                           ;4781Z;8230Z
41123162600000;Janusz Bąk                                           ;4781Z;8292Z
41123162600000;Janusz Bąk                                           ;4781Z;8299Z
41123162600000;Janusz Bąk                                           ;4781Z;8559B
41123162600000;Janusz Bąk                                           ;4781Z;9329Z
41123162600000;Janusz Bąk                                           ;4781Z;8110Z
41123162600000;Janusz Bąk                                           ;4781Z;8121Z
41123162600000;Janusz Bąk                                           ;4781Z;8122Z
41123162600000;Janusz Bąk                                           ;4781Z;8130Z
41123162600000;Janusz Bąk                                           ;4781Z;8211Z
41123162600000;Janusz Bąk                                           ;4781Z;8219Z
41123162600000;Janusz Bąk                                           ;4781Z;7732Z
41123162600000;Janusz Bąk                                           ;4781Z;7733Z
41123162600000;Janusz Bąk                                           ;4781Z;7739Z
41123162600000;Janusz Bąk                                           ;4781Z;7820Z
41123162600000;Janusz Bąk                                           ;4781Z;7830Z
41123162600000;Janusz Bąk                                           ;4781Z;8010Z
41123162600000;Janusz Bąk                                           ;4781Z;7312A
41123162600000;Janusz Bąk                                           ;4781Z;7312B
41123162600000;Janusz Bąk                                           ;4781Z;7312D
41123162600000;Janusz Bąk                                           ;4781Z;7410Z
41123162600000;Janusz Bąk                                           ;4781Z;7420Z
41123162600000;Janusz Bąk                                           ;4781Z;7490Z
41123162600000;Janusz Bąk                                           ;4781Z;6399Z
41123162600000;Janusz Bąk                                           ;4781Z;6810Z
41123162600000;Janusz Bąk                                           ;4781Z;6820Z
41123162600000;Janusz Bąk                                           ;4781Z;6831Z
41123162600000;Janusz Bąk                                           ;4781Z;6832Z
41123162600000;Janusz Bąk                                           ;4781Z;7311Z
41123162600000;Janusz Bąk                                           ;4781Z;6201Z
41123162600000;Janusz Bąk                                           ;4781Z;6202Z
41123162600000;Janusz Bąk                                           ;4781Z;6203Z
41123162600000;Janusz Bąk                                           ;4781Z;6209Z
41123162600000;Janusz Bąk                                           ;4781Z;6311Z
41123162600000;Janusz Bąk                                           ;4781Z;6312Z
41123162600000;Janusz Bąk                                           ;4781Z;5814Z
41123162600000;Janusz Bąk                                           ;4781Z;5819Z
41123162600000;Janusz Bąk                                           ;4781Z;5821Z
41123162600000;Janusz Bąk                                           ;4781Z;5829Z
41123162600000;Janusz Bąk                                           ;4781Z;6010Z
41123162600000;Janusz Bąk                                           ;4781Z;6020Z
41123162600000;Janusz Bąk                                           ;4781Z;4778Z
41123162600000;Janusz Bąk                                           ;4781Z;4791Z
41123162600000;Janusz Bąk                                           ;4781Z;4799Z
41123162600000;Janusz Bąk                                           ;4781Z;5811Z
41123162600000;Janusz Bąk                                           ;4781Z;5812Z
41123162600000;Janusz Bąk                                           ;4781Z;5813Z
41123162600000;Janusz Bąk                                           ;4781Z;4763Z
41123162600000;Janusz Bąk                                           ;4781Z;4764Z
41123162600000;Janusz Bąk                                           ;4781Z;4765Z
41123162600000;Janusz Bąk                                           ;4781Z;4771Z
41123162600000;Janusz Bąk                                           ;4781Z;4772Z
41123162600000;Janusz Bąk                                           ;4781Z;4776Z
41123162600000;Janusz Bąk                                           ;4781Z;4742Z
41123162600000;Janusz Bąk                                           ;4781Z;4743Z
41123162600000;Janusz Bąk                                           ;4781Z;4752Z
41123162600000;Janusz Bąk                                           ;4781Z;4753Z
41123162600000;Janusz Bąk                                           ;4781Z;4754Z
41123162600000;Janusz Bąk                                           ;4781Z;4759Z
41123162600000;Janusz Bąk                                           ;4781Z;4673Z
41123162600000;Janusz Bąk                                           ;4781Z;4674Z
41123162600000;Janusz Bąk                                           ;4781Z;4675Z
41123162600000;Janusz Bąk                                           ;4781Z;4677Z
41123162600000;Janusz Bąk                                           ;4781Z;4690Z
41123162600000;Janusz Bąk                                           ;4781Z;4741Z
41123162600000;Janusz Bąk                                           ;4781Z;4649Z
41123162600000;Janusz Bąk                                           ;4781Z;4651Z
41123162600000;Janusz Bąk                                           ;4781Z;4652Z
41123162600000;Janusz Bąk                                           ;4781Z;4665Z
41123162600000;Janusz Bąk                                           ;4781Z;4666Z
41123162600000;Janusz Bąk                                           ;4781Z;4669Z
41123162600000;Janusz Bąk                                           ;4781Z;4643Z
41123162600000;Janusz Bąk                                           ;4781Z;4644Z
41123162600000;Janusz Bąk                                           ;4781Z;4645Z
41123162600000;Janusz Bąk                                           ;4781Z;4646Z
41123162600000;Janusz Bąk                                           ;4781Z;4647Z
41123162600000;Janusz Bąk                                           ;4781Z;4648Z
41123162600000;Janusz Bąk                                           ;4781Z;4339Z
38513161400000;Janusz Bąk                                           ;4781Z;4120Z
38513161400000;Janusz Bąk                                           ;4781Z;4331Z
38513161400000;Janusz Bąk                                           ;4781Z;4332Z
38513161400000;Janusz Bąk                                           ;4781Z;4333Z
38513161400000;Janusz Bąk                                           ;4781Z;4334Z
38513161400000;Janusz Bąk                                           ;4781Z;4339Z
36089290400000;MERIDIANI PLANUM SPÓŁKA Z OGRANICZONĄ ODPOWIEDZIALNOŚCIĄ                                                                ;4791;7311Z
36089290400000;MERIDIANI PLANUM SPÓŁKA Z OGRANICZONĄ ODPOWIEDZIALNOŚCIĄ                                                                ;4791;8211Z
36089290400000;MERIDIANI PLANUM SPÓŁKA Z OGRANICZONĄ ODPOWIEDZIALNOŚCIĄ                                                                ;4791;4638Z
36089290400000;MERIDIANI PLANUM SPÓŁKA Z OGRANICZONĄ ODPOWIEDZIALNOŚCIĄ                                                                ;4791;4639Z
36089290400000;MERIDIANI PLANUM SPÓŁKA Z OGRANICZONĄ ODPOWIEDZIALNOŚCIĄ                                                                ;4791;4729Z
36089290400000;MERIDIANI PLANUM SPÓŁKA Z OGRANICZONĄ ODPOWIEDZIALNOŚCIĄ                                                                ;4791;4773Z
36089290400000;MERIDIANI PLANUM SPÓŁKA Z OGRANICZONĄ ODPOWIEDZIALNOŚCIĄ                                                                ;4791;4791Z
36089290400000;MERIDIANI PLANUM SPÓŁKA Z OGRANICZONĄ ODPOWIEDZIALNOŚCIĄ                                                                ;4791;4799Z
36089290400000;MERIDIANI PLANUM SPÓŁKA Z OGRANICZONĄ ODPOWIEDZIALNOŚCIĄ                                                                ;4791;4617Z
36089290400000;MERIDIANI PLANUM SPÓŁKA Z OGRANICZONĄ ODPOWIEDZIALNOŚCIĄ                                                                ;4791;4618Z
36089290400000;MERIDIANI PLANUM SPÓŁKA Z OGRANICZONĄ ODPOWIEDZIALNOŚCIĄ                                                                ;4791;4791
36089416800000;Sklep Spożywczo - Przemysłowy Elżbieta Działo        ;4711Z;4724Z
36089416800000;Sklep Spożywczo - Przemysłowy Elżbieta Działo        ;4711Z;4725Z
36089416800000;Sklep Spożywczo - Przemysłowy Elżbieta Działo        ;4711Z;4729Z
36089416800000;Sklep Spożywczo - Przemysłowy Elżbieta Działo        ;4711Z;4775Z
36089416800000;Sklep Spożywczo - Przemysłowy Elżbieta Działo        ;4711Z;4711Z
36089416800000;Sklep Spożywczo - Przemysłowy Elżbieta Działo        ;4711Z;4722Z
36089450100000;YOKOHAMA CEE SPÓŁKA Z OGRANICZONĄ ODPOWIEDZIALNOŚCIĄ ;4531;4531
36089450100000;YOKOHAMA CEE SPÓŁKA Z OGRANICZONĄ ODPOWIEDZIALNOŚCIĄ ;4531;4618Z
36089450100000;YOKOHAMA CEE SPÓŁKA Z OGRANICZONĄ ODPOWIEDZIALNOŚCIĄ ;4531;4531Z
36089450100000;YOKOHAMA CEE SPÓŁKA Z OGRANICZONĄ ODPOWIEDZIALNOŚCIĄ ;4531;4532Z
36089511000000;Wiesz Co Jesz; Twój e-warzywniak;4789Z
36089511000000;Wiesz Co Jesz; Twój e-warzywniak;4791Z
36089511000000;Wiesz Co Jesz; Twój e-warzywniak;4799Z
36089511000000;Wiesz Co Jesz; Twój e-warzywniak;4781Z
36089511000000;Wiesz Co Jesz; Twój e-warzywniak;4782Z
36438649200000;Wiesz Co Jesz; Twój e-warzywniak;5610A
36089570700000;Sławomir Wenderlich wspólnik spółki cywilnej Przedsiębiorstwo Usługowo-Handlowe AUTO-TRUCK                              ;4520Z;4520Z
36089570700000;Sławomir Wenderlich wspólnik spółki cywilnej Przedsiębiorstwo Usługowo-Handlowe AUTO-TRUCK                              ;4520Z;4941Z
36089573600000;Krzysztof Wenderlich wspólnik spółki cywilnej Przedsiębiorstwo Usługowo-Handlowe AUTO-TRUCK                             ;4520Z;4520Z
36089573600000;Krzysztof Wenderlich wspólnik spółki cywilnej Przedsiębiorstwo Usługowo-Handlowe AUTO-TRUCK                             ;4520Z;4941Z
36089916000000;P.H. Polsar SYLWIA KOWALCZYK                         ;4781Z;4781Z
36959204900000;Anna Zasada                                          ;4799Z;8559B
36959204900000;Anna Zasada                                          ;4799Z;4778Z
36959204900000;Anna Zasada                                          ;4799Z;4789Z
36959204900000;Anna Zasada                                          ;4799Z;4799Z
36959204900000;Anna Zasada                                          ;4799Z;7420Z
36959204900000;Anna Zasada                                          ;4799Z;8552Z
36090023600000;Anna Zasada                                          ;4799Z;6820Z
36090023600000;Anna Zasada                                          ;4799Z;6209Z
36090023600000;Anna Zasada                                          ;4799Z;6190Z
36090023600000;Anna Zasada                                          ;4799Z;6201Z
36090023600000;Anna Zasada                                          ;4799Z;6202Z
36090023600000;Anna Zasada                                          ;4799Z;6203Z
36090023600000;Anna Zasada                                          ;4799Z;5320Z
36090023600000;Anna Zasada                                          ;4799Z;5610A
36090023600000;Anna Zasada                                          ;4799Z;5122Z
36090023600000;Anna Zasada                                          ;4799Z;5210A
36090023600000;Anna Zasada                                          ;4799Z;4941Z
36090023600000;Anna Zasada                                          ;4799Z;4942Z
36090023600000;Anna Zasada                                          ;4799Z;4950A
36090023600000;Anna Zasada                                          ;4799Z;4950B
36090023600000;Anna Zasada                                          ;4799Z;5010Z
36090023600000;Anna Zasada                                          ;4799Z;5020Z
36090023600000;Anna Zasada                                          ;4799Z;4799Z
36090023600000;Anna Zasada                                          ;4799Z;4910Z
36090023600000;Anna Zasada                                          ;4799Z;4920Z
36090023600000;Anna Zasada                                          ;4799Z;4931Z
36090023600000;Anna Zasada                                          ;4799Z;4932Z
36090023600000;Anna Zasada                                          ;4799Z;4939Z
36090023600000;Anna Zasada                                          ;4799Z;4339Z
36090023600000;Anna Zasada                                          ;4799Z;4399Z
36090023600000;Anna Zasada                                          ;4799Z;4711Z
38859403600000;Anna Zasada                                          ;4799Z;4771Z
38859403600000;Anna Zasada                                          ;4799Z;4772Z
38859403600000;Anna Zasada                                          ;4799Z;4791Z
36090023600000;Anna Zasada                                          ;4799Z;9512Z
36090023600000;Anna Zasada                                          ;4799Z;9521Z
36090023600000;Anna Zasada                                          ;4799Z;7312C
36090023600000;Anna Zasada                                          ;4799Z;7312D
36090023600000;Anna Zasada                                          ;4799Z;7320Z
36090023600000;Anna Zasada                                          ;4799Z;7711Z
36090023600000;Anna Zasada                                          ;4799Z;7712Z
36090023600000;Anna Zasada                                          ;4799Z;7729Z
36090023600000;Anna Zasada                                          ;4799Z;6831Z
36090023600000;Anna Zasada                                          ;4799Z;6832Z
36090023600000;Anna Zasada                                          ;4799Z;7022Z
36090023600000;Anna Zasada                                          ;4799Z;7311Z
36090023600000;Anna Zasada                                          ;4799Z;7312A
36090023600000;Anna Zasada                                          ;4799Z;7312B
36090023600000;Anna Zasada                                          ;4799Z;6311Z
36090023600000;Anna Zasada                                          ;4799Z;6312Z
36090023600000;Anna Zasada                                          ;4799Z;6391Z
36090023600000;Anna Zasada                                          ;4799Z;6399Z
36090023600000;Anna Zasada                                          ;4799Z;6810Z
36090023600000;Anna Zasada                                          ;4799Z;5610B
36090023600000;Anna Zasada                                          ;4799Z;5629Z
36090023600000;Anna Zasada                                          ;4799Z;6120Z
36090023600000;Anna Zasada                                          ;4799Z;6130Z
36090023600000;Anna Zasada                                          ;4799Z;5224B
36090023600000;Anna Zasada                                          ;4799Z;5224C
36090023600000;Anna Zasada                                          ;4799Z;5229A
36090023600000;Anna Zasada                                          ;4799Z;5229B
36090023600000;Anna Zasada                                          ;4799Z;5229C
36090023600000;Anna Zasada                                          ;4799Z;5310Z
36090023600000;Anna Zasada                                          ;4799Z;5210B
36090023600000;Anna Zasada                                          ;4799Z;5221Z
36090023600000;Anna Zasada                                          ;4799Z;5222A
36090023600000;Anna Zasada                                          ;4799Z;5222B
36090023600000;Anna Zasada                                          ;4799Z;5223Z
36090023600000;Anna Zasada                                          ;4799Z;5224A
36090023600000;Anna Zasada                                          ;4799Z;5030Z
36090023600000;Anna Zasada                                          ;4799Z;5040Z
36090023600000;Anna Zasada                                          ;4799Z;5110Z
36090023600000;Anna Zasada                                          ;4799Z;5121Z
36090023600000;Anna Zasada                                          ;4799Z;4719Z
36090023600000;Anna Zasada                                          ;4799Z;4781Z
36090023600000;Anna Zasada                                          ;4799Z;4791Z
36090023600000;Anna Zasada                                          ;4799Z;9525Z
36090023600000;Anna Zasada                                          ;4799Z;9529Z
36090023600000;Anna Zasada                                          ;4799Z;7732Z
36090023600000;Anna Zasada                                          ;4799Z;7733Z
36090023600000;Anna Zasada                                          ;4799Z;7739Z
36090023600000;Anna Zasada                                          ;4799Z;9511Z
2067651000000;Anna Zasada                                          ;4799Z;9602Z
36090023600000;Anna Zasada                                          ;4799Z;4321Z
36090023600000;Anna Zasada                                          ;4799Z;4322Z
36090023600000;Anna Zasada                                          ;4799Z;4329Z
36090023600000;Anna Zasada                                          ;4799Z;4331Z
36090023600000;Anna Zasada                                          ;4799Z;4333Z
36090023600000;Anna Zasada                                          ;4799Z;4334Z
36090023600000;Anna Zasada                                          ;4799Z;9522Z
36090023600000;Anna Zasada                                          ;4799Z;9523Z
36090023600000;Anna Zasada                                          ;4799Z;9524Z
38571261800000;Anna Zasada                                          ;4799Z;9602Z
38385581600000;Anna Zasada                                          ;4799Z;5610A
38385581600000;Anna Zasada                                          ;4799Z;5610B
38058981100000;Anna Zasada                                          ;4799Z;1392Z
38058981100000;Anna Zasada                                          ;4799Z;1399Z
38058981100000;Anna Zasada                                          ;4799Z;4791Z
38058981100000;Anna Zasada                                          ;4799Z;4799Z
38622838500000;Anna Zasada                                          ;4799Z;3299Z
38622838500000;Anna Zasada                                          ;4799Z;4775Z
38622838500000;Anna Zasada                                          ;4799Z;8552Z
38622838500000;Anna Zasada                                          ;4799Z;8559A
38622838500000;Anna Zasada                                          ;4799Z;9602Z
38622838500000;Anna Zasada                                          ;4799Z;9604Z
38622838500000;Anna Zasada                                          ;4799Z;9609Z
